Official DOE Name	Organization	Type of School	Street	City	State	Teams	Total team leads	Total team members	Expeditions created	Expeditions published	Lessons viewed	Lessons logged	Lessons reviewed	Lessons created (forked or new)	Total research posters published by all team members	Total research posters published by all team leads	Events registered	Events attended
	National Science Foundation		4201 Wilson Blvd	Arlington	VA	1	2	2	0	0	0	0	0	0	1	0	0	0
Young Women's Leadership School, Astoria	The Young Women's Leadership School of Astoria	NYC public	2315 Newtown Avenue	Astoria	NY	0	0	0	0	0	0	0	0	0	0	0	0	0
	Fearless		8 Market Place, Suite 304	Baltimore	MD	0	1	0	0	0	4	0	0	0	0	0	0	0
P.S. 031 Bayside	P.S.31Q The Bayside School		211-45 46th Road	Bayside	New York	1	2	0	0	0	0	0	0	0	0	0	1	0
	PS147		332 Frederick avenue	Bellmore	NY	1	2	0	0	0	0	0	0	0	0	0	1	1
Bronx Center for Science and Mathematics	Bronx Center for Science and Mathematics		1363 Fulton Ave	Bronx	NY	1	2	3	2	0	0	0	0	0	0	0	0	0
	Rocking the Boat		812 Edgewater Rd	Bronx	NY	1	1	0	0	0	0	0	0	0	0	0	0	0
South Bronx Preparatory: A College Board School	South Bronx Preparatory		360 E 145th St	Bronx	New York	2	4	0	0	0	0	0	0	0	0	0	1	0
P.S. 071 Rose E. Scala	Rose E. Scala P.S.071		3040 Roberts Ave	Bronx	NY	2	4	18	8	7	9	0	0	0	0	0	4	2
J. M. Rapport School Career Development	JM Rapport School for Career Development 754x		470 Jackson Ave	Bronx	NY	3	6	0	0	0	0	0	0	0	0	0	3	1
M.S. 390	MS 390		1930 Andrews Avenue	BRONX	NY	2	4	1	3	0	11	0	4	0	0	0	5	3
Accion Academy	Accion Academy		1825 Prospect AVe	Bronx	New York	1	2	0	0	0	15	1	0	0	0	0	12	7
Thomas C. Giordano Middle School 45	MS 45 THOMAS C. GIORDANO		2502 LORILLARD PLACE	Bronx	New York	0	0	0	0	0	0	0	0	0	0	0	0	0
J.H.S. 127 The Castle Hill	Castle Hill MIddle School 127		1560 Purdy Street	Bronx	NY	1	1	0	0	0	2	0	0	0	0	0	0	0
World View High School	World View High School		100 West Mosholu Parkway South	Bronx	NY	1	1	0	0	0	0	0	0	0	0	0	1	1
Bronx Arena High School	Bronx Arena High School		1440 Story Ave	Bronx	NY	1	2	1	0	0	0	0	0	0	0	0	0	0
Soundview Academy for Culture and Scholarship	Sound view Academy-08X448		885 Bolton Ave	Bronx	NY	1	4	1	0	0	12	0	0	0	0	0	3	1
The Bronx Mathematics Preparatory School	Bronx Math Prep		456 White Plains Rd	Bronx	NY	0	1	0	0	0	0	0	0	0	0	0	0	0
Pelham Preparatory Academy	Pelham Preparatory Academy		925 Astor Ave	Bronx	New York	1	2	0	1	1	25	0	0	0	0	0	14	12
East Bronx Academy for the Future	East Bronx Academy for the Future		1716 Southern Blvd	Bronx	NY	1	2	0	0	0	0	0	0	0	0	0	1	0
	Villa Maria Academy		3335 Country Club Road	Bronx	NEW YORK	2	4	0	0	0	0	0	0	0	0	0	2	1
International School for Liberal Arts	The International School for Liberal Arts MS/HS 342		2780 Reservoir Ave	Bronx	NY	0	0	0	0	0	0	0	0	0	0	0	0	0
	International School for Liberal Art		2780 Reservoir Avenue	Bronx	NY	1	4	0	5	5	55	0	0	0	0	0	2	2
	Riverdale Country School		5250 Fieldston Road, Bronx, NY	Bronx	New York	1	2	14	1	0	1	0	0	0	0	0	0	0
P.S. 008 Robert Fulton	P.S. 8		37 Hicks St.	Brooklyn	New York	1	2	0	0	0	0	0	0	0	0	0	2	0
	Xaverian High School		7100 Shore	Brooklyn	New York	1	2	0	0	0	1	0	0	0	0	0	0	0
J.H.S. 220 John J. Pershing	J.H.S. 220 JOHN J. PERSHING		4812 9TH AVENUE	Brooklyn	New York	7	12	2	0	0	0	0	0	0	0	0	2	0
	Po Kwan Ho		1113 73rd. Street	Brooklyn	NEW YORK	1	2	0	0	0	0	0	0	0	0	0	1	0
P.S. 207 Elizabeth G. Leary	Fillmore Academy @ PS 207		4011 Fillmore Ave	Brooklyn	NY	1	2	0	0	0	0	0	0	0	0	0	12	4
	Packer Collegiate Institute		170 Joralemon Street	Brooklyn	New York	1	1	0	0	0	0	0	0	0	0	0	0	0
J.H.S. 218 James P. Sinnott	James P Sinnott, jhs 218		370 Fountain Ave	Brooklyn	New York	1	1	0	0	0	0	0	0	0	0	0	1	0
J.H.S. 234 Arthur W. Cunningham	J.H.S. 234 ARTHUR W. CUNNINGHAM		1875 EAST 17 STREET	Brooklyn	New York	1	2	0	0	0	0	0	0	0	0	0	1	0
I.S. 98 Bay Academy	Bay Academy		1401 Emmons Ave	Brooklyn	NY	1	2	0	0	0	0	0	0	0	0	0	1	1
The Brooklyn New School, P.S. 146	Brooklyn New School / PS 146		610 Henry street	Brooklyn	NY	0	0	0	0	0	0	0	0	0	0	0	0	0
	Greene Hill School		39 Adelphi Street	Brooklyn	NY	2	2	14	5	5	8	0	0	0	0	0	2	1
	Fire Lotus Temple		500 State Street	Brooklyn	NY	1	2	0	0	0	0	0	0	0	0	0	1	1
P.S. 90 Edna Cohen School	PS 90 EDNA COHEN SCHOOL		2840 W 12TH ST	BROOKLYN	NY	1	2	0	0	0	4	0	0	0	0	0	1	1
Brooklyn Secondary School for Collaborative Studies	Brooklyn School for Collaborative Studies, 448		610 Henry Street	Brooklyn	NY	9	2	40	4	0	61	0	0	0	0	0	6	1
	Friends of Bushwick Park		131 Calyer St	Brooklyn	NY	1	2	0	0	0	0	0	0	0	0	0	1	1
Academy of Arts and Letters	Academy of Arts and Letters		225 Adelphi St.	Brooklyn	NY	2	2	0	0	0	5	0	0	0	0	0	2	2
	N6 Pier / Williamsburg		N6 / Kent Avenue	Brooklyn	Ny	0	1	0	0	0	0	0	0	0	0	0	0	0
M.S. 839	MS839		713 Caton Ave	Brooklyn	Ny	1	2	1	0	0	0	0	0	0	0	0	0	0
P.S. K369 - Coy L. Cox School	P369K Coy L. Cox School		383 State Street	Brooklyn	New York	1	2	0	0	0	0	0	0	0	0	0	13	10
Young Women's Leadership School of Brooklyn	The Young Women's Leadership School of Brooklyn		325 Bushwick Ave	Brooklyn	NY	1	2	0	0	0	6	0	0	0	0	0	21	9
	Fire Lotus Temple		500 State Street	Brooklyn	NY	1	2	1	0	0	3	0	0	0	0	0	1	1
M.S. 839	MS 839		713 Caton Ave.	Brooklyn	NY	0	0	0	0	0	0	0	0	0	0	0	0	0
P.S./I.S. 104 The Fort Hamilton School	PS/IS 104		9115 5th avenue	Brooklyn	Ny	4	6	0	0	0	2	0	0	0	0	0	14	9
	Uncommon Collegiate Charter High School		832 Marcy Ave	Brooklyn	NY	3	2	15	1	0	4	0	0	0	0	0	1	0
W. H. Maxwell Career and Technical Education High School	WH Maxwell		145 Pennslyvania Ave, 102	Brooklyn	New York	1	2	0	0	0	0	0	0	0	0	0	1	1
I.S. 281 Joseph B Cavallaro	IS 281 Joseph Cavallaro		8787 24th AVE	Brooklyn	NY	1	2	1	3	3	25	0	0	0	0	0	6	3
All City Leadership Secondary School	ALL CITY LEADERSHIP SECONDARY SCHOOL		321 PALMETTO STREET	Brooklyn	New York	5	10	0	0	0	0	0	0	0	0	0	1	1
P.S. 371 - Lillian L. Rashkis	371K Lillian Rashkis		335 37th Street	Brooklyn	NY	10	2	10	3	0	33	0	0	0	0	0	5	2
The Academy of Urban Planning and Engineering	The Academy of Urban Planning		400 Irving Ave	Brooklyn	NY	1	2	8	2	0	14	0	0	0	0	0	1	1
J.H.S. 088 Peter Rouget	MS 88 The Peter Rouget School		544 7th Avenue	Brooklyn	NY	19	19	172	14	2	53	0	0	4	0	0	23	15
P.S. 032 Samuel Mills Sprole	PS 32 The Samuel Mills Sprole School in Carroll Gardens, Brooklyn		317 Hoyt St	Brooklyn	New York	1	2	4	1	0	0	0	0	0	0	0	0	0
Sunset Park Prep	Sunset Park Prep - MS 821		4004 4th Ave	Brooklyn	NY	4	7	0	0	0	14	0	0	0	0	0	18	16
J.H.S. 062 Ditmas	Ditmas IS62		700 Cortelyou Road	Brooklyn	NY	2	4	0	0	0	0	0	0	0	0	0	0	0
	Packer Collegiate Institute		170 Joralemon Street	Brooklyn	NY	1	1	0	0	0	0	0	0	0	0	0	0	0
Mott Hall IV	Mott Hall IV		1137 Herkimer St	Brooklyn	NY	0	1	0	0	0	0	0	0	0	0	0	0	0
Dr. Susan S. McKinney Secondary School of the Arts	Dr. Susan S. McKinney Secondary School of the Arts (13K265)		101 Park Avenue	Brooklyn	NY	3	4	42	5	1	17	2	0	1	1	1	7	3
	Girl Scouts NY		129 Saint James Place	Brooklyn	New York	1	2	0	0	0	0	0	0	0	0	0	1	0
The Brooklyn New School, P.S. 146	Brooklyn New School /PS 146		610 Henry	Brooklyn	NY	1	3	9	1	0	0	0	0	0	0	0	0	0
Franklin Delano Roosevelt High School	Franklin Delano Roosevelt High School		5800 30th Avenue	Brooklyn	New York	1	4	1	0	0	0	0	0	0	0	0	1	1
I.S. 340	M.S. 340-North Star Academy		227 Sterling Place	Brooklyn	New York	1	2	0	0	0	0	0	0	0	0	0	0	0
P.S. 288 The Shirley Tanyhill	PS/IS 288 Shirley Tanyhill School		2950 W 25th Street	Brooklyn	NY	0	0	0	0	0	0	0	0	0	0	0	0	0
Williamsburg Preparatory School	Williamsburg Preparatory High School		257 N. 6th St.	Brooklyn	NY	1	2	27	6	5	2	0	0	0	0	0	0	0
John Ericsson Middle School 126	John Ericsson Middle School 126, Magnet School of environmental engineering		424 Leonard Street	Brooklyn	NY	2	4	21	4	0	92	0	0	0	0	0	9	3
Manhattan International High School	The Manhattan International High School		317 East 67th Street	Brooklyn	NY	1	2	0	0	0	3	0	0	0	0	0	2	0
Sunset Park High School	Sunset Park High School		153 35th St	Brooklyn	NY	3	3	26	3	0	4	0	0	0	0	0	0	0
	City Parks Foundation		155 Bay Street	Brooklyn	NY	3	4	2	0	0	108	0	0	0	0	0	19	14
	MS 266 Park Place Community School		31 New York Av	Brooklyn	NY	0	1	0	0	0	0	0	0	0	0	0	0	0
	Ps 326		1800 Utica ave	Brooklyn	Ny	1	2	0	0	0	0	0	0	0	0	0	0	0
	I.S. 318 Eugenio Maria de Hostos		101 Walton St.	Brooklyn	NY	1	2	0	0	0	0	0	0	0	0	0	1	1
	IS 171 Abraham Lincoln		528 Ridgewood Ave	Brooklyn	NY	1	2	0	0	0	0	0	0	0	0	0	0	0
	Trilok Fusion Arts		143 Waverly Ave	Brooklyn	NY	4	6	2	0	0	9	0	0	0	0	0	3	1
	Philippa Schuyler Middle School I.S. 383		1300 Greene Avenue	Brooklyn	NY	1	2	0	0	0	0	0	0	0	0	0	1	0
	BROOKLYN ENVIRONMENTAL EXPLORATION SCHOOL (BEES)		251 MCDOUGAL STREET	Brooklyn	New York	2	4	0	0	0	1	0	0	0	0	0	1	1
	PortSide NewYork		P.O. Box 195 Red Hook Station	Brooklyn	New York	1	2	0	0	0	0	0	0	0	0	0	1	0
	Brooklyn Friends		375 Pearl St	Brooklyn	NY	0	0	0	0	0	0	0	0	0	0	0	0	0
	CUNY Brooklyn College		2900 Bedford Avenue	Brooklyn	NY	1	2	0	0	0	2	0	0	0	0	0	0	0
	The Packer Collegiate Institute		170 Joralemon Street	Brooklyn	NY New York	1	1	0	0	0	0	0	0	0	0	0	1	1
	PS147		325 Bushwick Avenue	Brooklyn	NY	1	2	0	0	0	6	0	0	0	0	0	0	0
	P.S. 207 Elizabeth G. Leary		4011 Fillmore Ave,	Brooklyn	New York	1	1	0	0	0	0	0	0	0	0	0	0	0
	School of the Future Brooklyn 19k663		574 Dumont Ave	Brooklyn	NY	1	1	0	0	0	13	0	0	0	0	0	0	0
	MS 839		713 Caton Ave.	Brooklyn	NY	1	2	1	0	0	0	0	0	0	0	0	0	0
	PS 276 Louis Marshall School		1070 East 83 Street	Brooklyn	NY	1	1	0	0	0	0	0	0	0	0	0	0	0
	Brooklyn Urban Garden Charter School		500 19th Street	Brooklyn	NY	1	2	1	0	0	39	0	0	0	0	0	4	1
	P.S./I.S.45K		84 Schaefer Street	Brooklyn	New York	1	1	0	0	0	3	0	0	0	0	0	0	0
	Johann Dekalb School/PS270		241 Emerson Place	Brooklyn	NY	1	1	0	0	0	0	0	0	0	0	0	0	0
	Cold Spring Harbor High School		82 Turkey Lane	Cold Spring Harbor	NY	1	2	0	0	0	2	0	0	0	0	0	1	1
	Cranbury School		23 South Main St	Cranbury	NEW JERSEY	1	2	2	0	0	0	0	0	0	0	0	0	0
	The Masters School		49 Clinton Ave	Dobbs Ferry	New York	1	2	2	0	0	0	0	0	0	0	0	1	0
	PS 104 Bayswater School		2601 Mott Ave	Far Rockaway	New York	1	1	0	0	0	1	0	0	0	0	0	0	0
	Vaughn College of Aeronautics and Tech		86-01 23rd Avenue	Flushing	New York	1	2	0	0	0	0	0	0	0	0	0	1	0
	Forest Hills High School		67-01 110th St	Forest Hills	NY	1	2	0	0	0	21	0	0	0	0	0	1	1
	The Waldorf School of Garden City		225 Cambridge Avenue	Garden City	New York	4	5	7	1	0	29	0	0	0	0	0	0	0
	Haitian-Americans United for Progress		197-17 Hillside Ave	Hollis	NY	3	2	6	0	0	0	0	0	0	0	0	0	0
	SmartStart Evaluation & Research		Smart Start Evaluation & Research, 4482 Barranca Parkway #220	Irvine	CA	1	2	0	0	0	5	0	0	0	0	0	0	0
	Cornell University		205 Fernow Hall, Department of Natural Resources,	Ithaca	New York	1	2	0	0	0	0	0	0	0	0	0	0	0
	I.S. 230		73-10 34 AVENUE	JACKSON HEIGHTS	New York	4	8	0	0	0	0	0	0	0	0	0	1	1
	IS 145 Joseph Pulitzer		3334 80th St,	Jackson Heights	NY	0	1	0	0	0	1	0	0	0	0	0	0	0
	PS80Q		171-05 137th avenue	Jamaica	Ny	1	1	0	0	0	0	0	0	0	0	0	1	0
	PS80Q		171-05 137th Avenue	Jamaica	NY	1	2	0	0	0	0	0	0	0	0	0	1	0
	The Wright Family		1 Greene Street Apt. G-3	Jersey City	New Jersey	1	2	0	0	0	0	0	0	0	0	0	1	0
	The Wright Family		1 Greene Street Apt. G-3	Jersey City	NJ	1	4	0	0	0	0	0	0	0	0	0	2	0
	Hudson Montessori		10 Regent Street	Jersey city	New Jersey	2	3	0	0	0	1	0	0	0	0	0	0	0
	Portledge School		355 Duck Pond Road	Locust Valley	NY - New York	1	2	0	0	0	0	0	0	0	0	0	3	0
	Friends Academy		270 Duck Pond Road	Locust Valley	New York	0	0	0	0	0	0	0	0	0	0	0	0	0
	Friends Academy		270 Duck Pond Road	Locust Valley	New York	1	2	5	0	0	0	0	0	0	0	0	0	0
	Hunters Point Community Middle School		1-50 51st Ave	Long Island City	NY	6	4	118	1	0	0	0	0	0	0	0	0	0
	International High School at LaGuardia C.C.		45-35 Van Dam St	Long Island City	NY	1	2	0	0	0	31	0	0	0	0	0	1	0
	HarborLAB		5311 vernon blvd	Long island city	NY	0	2	0	0	0	0	0	0	0	0	0	0	0
	Marine Education Center		123 Mamaroneck Avenue	Mamaroneck	NY	1	1	0	0	0	0	0	0	0	0	0	0	0
	Seconsett Island Society		28 Bayview Road	Mashpee	MA	1	2	0	0	0	0	0	0	0	0	0	0	0
	PS 153 Maspeth Elementary		60-02 60th LANE	Maspeth	New York	1	2	0	0	0	0	0	0	0	0	0	1	0
	Unaffiliated/None		N/A	N/A	N/A	101	201	64	48	25	152	0	0	0	1	0	26	18
	The Friends of Governors Island		10 South Street, Slip 7	New York	New York	1	2	0	0	0	1	0	0	0	0	0	0	0
	The Chapin School		100 East End Avenue	New York	New York	2	2	2	0	0	6	0	0	0	0	0	0	0
	Washington Heights Expeditionary Learning School (WHEELS)		511 W 182nd St	New York	New York	2	5	4	0	0	6	0	0	0	0	0	1	0
	Apex for Youth, Inc.		@ PS/MS 184 Shuang Wen School 327 Cherry Street	New York	NY	1	2	0	0	0	42	0	0	0	0	0	8	2
	Renaissance Charter High School for Innovation		410 E. 100th St.	New York	New York	1	2	0	0	0	2	0	0	0	0	0	1	1
	PS208/ALLMSES		21 W 111th St.	New York	NY	1	2	0	0	0	0	0	0	0	0	0	0	0
	Youth Arts New York		P.O. Box 363, Old Chelsea Station	New York	NY	1	3	5	3	0	0	0	0	0	0	0	0	0
	Ps108		1615 madison ave	New york	Ny	1	2	0	0	0	0	0	0	0	0	0	0	0
	Hamilton Grange Middle School		515 W 138th St.	New York	NY	1	2	0	0	0	0	0	0	0	0	0	0	0
	The Center School MS 243		100 W. 84th St	New York	NY	1	1	0	0	0	0	0	0	0	0	0	0	0
	School of the Blessed Sacrament		147 West 70th Street	New York	New York	1	1	0	0	0	0	0	0	0	0	0	0	0
	New York State Parks, Recreation & Historic Preservation		163 W 125th St, 17th Floor	New York	NY	1	2	0	1	1	0	0	0	0	0	0	2	0
	Inwood Academy for Leadership Charter School		108 Cooper Street	New York	NY	1	2	0	0	0	0	0	0	0	0	0	1	1
	PS/IS 76		220 W 121st Street	New York	New York	1	2	0	0	0	0	0	0	0	0	0	1	0
	MS 104 Simon Baruch		330 E 21st St	New York	NY	1	2	0	0	0	0	0	0	0	0	0	0	0
	School of the Future (M413)		127 E. 22nd St.	New York	New York	2	3	7	2	1	105	0	0	1	0	0	13	11
	Winston PReparatory School NY		126 w 17 st.	New York	NY	1	2	1	0	0	1	0	0	0	0	0	0	0
	PS/IS 76		220 W 121st Street	New York	New York	1	2	0	0	0	0	0	0	0	0	0	1	0
	Bronx Collaborative High School		100 West Mosholu Parkway South	New York	New York	2	4	1	0	0	0	0	0	0	0	0	0	0
	Institute for Collaborative Education		345 E 15th Street	New York	NY	2	4	12	1	0	14	0	0	0	0	0	15	12
	Manhattan Center for Science and Mathematics		280 Pleasant Ave	New York	NY	1	2	0	0	0	0	0	0	0	0	0	1	1
	Grace Church School		46 Cooper SQ	New York	New York	1	1	0	0	0	0	0	0	0	0	0	0	0
	Avenues The World School		259 10th Avenue	New York	NY	2	4	0	0	0	0	0	0	0	0	0	1	0
	City-As-School		16 Clarkson Street	New York	New York	1	1	0	0	0	7	0	0	0	0	0	2	0
	Halawai		1155 Ave of Americas	New York	NY	1	2	2	3	0	0	0	0	0	0	0	0	0
	P.S./M.S. 140 NATHAN STRAUS		123 RIDGE STREET	New York	New York	1	2	0	0	0	0	0	0	0	0	0	1	0
	Bard High School Early College		525 East Houston St	New York	NY	1	2	3	5	0	0	0	0	0	0	0	6	1
	BioBus		402 East 8th street	New York	NY	1	2	0	0	0	9	0	0	0	0	0	0	0
	The East Harlem School		309 E 103rd St	New York	NY	2	4	0	0	0	45	0	0	0	0	0	3	1
	M.S. 131		100 HESTER STREET	New York	New York	0	0	0	0	0	0	0	0	0	0	0	0	0
	PS 33, Chelsea Prep		281 9th Avenue	New York	NY	1	2	1	0	0	0	0	0	0	0	0	0	0
	Billion Oyster Project		10 South St., Slip 7	New York	NY	52	66	136	35	14	945	8	10	8	21	3	34	20
	Quest to Learn		351 W 18th St	New York	New York	1	1	0	0	0	0	0	0	0	0	0	1	0
	NY Sun Works		157 Columbus Avenue Suite 432,	New York	NY	1	1	0	0	0	0	0	0	0	0	0	0	0
	Ethical Culture Fieldston School		33 CENTRAL PARK WEST	NEW YORK	NEW YORK	0	0	0	0	0	0	0	0	0	0	0	0	0
	MS 245 The Computer School		100 W 77th Street room 336	New York	New York	1	1	0	0	0	0	0	0	0	0	0	1	0
	The New School		6 each 16street	new york	new york	1	2	0	0	0	0	0	0	0	0	0	7	1
	Inwood Academy for Leadership Charter School High School		108 Cooper Street	New York	New York	1	2	0	0	0	0	0	0	0	0	0	1	1
	DNA Learning Center		2351 1st Avenue	New York	New York	1	1	0	0	0	0	0	0	0	0	0	0	0
	Hudson River Community Sailing		West 26th Street & 12th Avenue, Pier 66	New York	New York	1	1	0	0	0	0	0	0	0	0	0	0	0
	Cooke Center Academy		60 MacDougal St	New York	New York	1	2	0	0	0	0	0	0	0	0	0	1	0
	PS72 Lexington Academy		131 E. 104th Street	New York	NY	1	2	17	0	0	9	0	0	0	0	0	18	11
	Barnard College		3009 Broadway	New York	New York	1	2	0	0	0	0	0	0	0	0	0	1	0
	Trevor Day School		312 E 95th Street	New York	NY	1	1	0	0	0	0	0	0	0	0	0	0	0
	The Earth School		600 East 6th Street	New York	New York	1	2	0	0	0	1	0	0	0	0	0	1	1
	P. S. 15 M		333 East 4th street	New York	NY	1	1	0	0	0	0	0	0	0	0	0	0	0
	Gaylen Moore Program Evaluation Services		304 W. 89th St Apt. 9B	New York	NY	1	2	0	0	0	0	0	0	0	0	0	0	0
	Convent of the Sacred Heart		1 E 91st Street	New York	New York	1	1	0	0	0	0	0	0	0	0	0	0	0
	The Brotherhood/Sister Sol		512 W 143rd Street	New york	NY	1	1	0	0	0	0	0	0	0	0	0	0	0
	Convent of the Sacred Heart		1 E 91st Street	New York	New York	1	1	0	0	0	0	0	0	0	0	0	0	0
	Ethical Culture Fieldston School		33 Central Park West	New York	NY	10	17	5	0	0	9	0	0	0	0	0	3	2
	Central Park East 2		1615 Madison Avenue	New York	NY	3	5	82	11	7	51	2	2	1	2	0	13	7
	New York State Parks		163 W 125th St, 17th Floor`	New York	NY	1	2	3	0	0	1	0	0	0	0	0	2	1
	M.S. 328 MANHATTAN MIDDLE SCHOOL FOR SCIENTIFIC INQUIRY		401 WEST 164 STREET	New York	New York	1	2	0	0	0	0	0	0	0	0	0	1	0
	KAPPA III (12x316)		2055 Mapes Ave	New York	NY	1	2	23	1	0	27	0	0	0	0	0	4	2
	District 75 STEM Department		400 1st ave	New York	New York	2	3	0	0	0	20	0	0	0	0	0	13	8
	Trinity School		101 West 91st Street	New York	New York	1	2	0	0	0	0	0	0	0	0	0	1	0
	Northport High School		154 Laurel Hill Road	Northport	NY	1	3	1	0	0	0	0	0	0	0	0	2	0
	The Hewitt School		45 East 75th Street	NY	NY	1	2	5	3	2	6	0	0	0	0	0	1	1
	IS 126Q		3151 21 street	NY	NY	0	0	0	0	0	0	0	0	0	0	0	0	0
	MS 188 The Island School		442 E Houston St	NY	NY	1	2	1	1	1	0	0	0	0	0	0	0	0
	MS 324 Patria Mirabal		21 Jumel Places	NY	NY	4	6	0	2	0	0	0	0	0	0	0	11	5
	IS 126Q		3151 21 street	NY	NY	0	0	0	0	0	0	0	0	0	0	0	0	0
	PS 166		132 west 89th	ny	ny	1	1	0	0	0	0	0	0	0	0	0	0	0
	The WaterFront Center		1 West End Avenue	Oyster Bay	New York	1	2	7	7	1	1	0	0	0	0	0	0	0
	Columbia University, Lamont Doherty Earth Observatory		61 Route 9w	Palisades	NY	3	7	3	0	0	10	0	0	0	0	0	0	0
	Emerald Coastkeeper		4606 Baybrook Dr	Pensacola	Florida	1	2	0	0	0	0	0	0	0	0	0	0	0
	Clarkson University		8 Clarkson Ave	Potsdam	New York	3	6	7	0	0	1	0	0	0	0	0	0	0
	Academy for New Americans		30-14 30th St	Qns	NY	1	2	0	0	0	0	0	0	0	0	0	0	0
	Queens Collegiate		16701 Gothic Drive	Queens	NY	1	2	0	0	0	5	0	0	0	0	0	3	0
	P.S./I.S. 49 DOROTHY BONAWIT KOLE		63-60 80th Street	Queens	New York	1	2	0	0	0	0	0	0	0	0	0	1	0
	P.S. 183 DR. RICHARD R. GREEN		2-45 BEACH 79 STREET	Queens	New York	2	4	0	0	0	0	0	0	0	0	0	2	0
	P.S. 153 MASPETH ELEMENTARY		60-02 60 LANE	Queens	New York	2	4	0	0	0	0	0	0	0	0	0	1	0
	IS 141 The Steinway School		37-11 21 AVENUE	Queens	NY	1	2	0	0	0	6	0	0	0	0	0	0	0
	I.S. 25 ADRIEN BLOCK		34-65 192 STREET	QUEENS	NY	1	2	0	0	0	0	0	0	0	0	0	1	0
	I.S. 5 THE WALTER CROWLEY SCHOOL		50-40 JACOBUS STREET	Queens	New York	3	6	0	0	0	0	0	0	0	0	0	1	1
	PS 87		67-54 80 STREET	Queens	New York	1	2	0	0	0	0	0	0	0	0	0	1	0
	PS/IS 102		55-24 Van Horn St	Queens	New York	1	2	0	0	0	0	0	0	0	0	0	1	1
	I.S. 25 ADRIEN BLOCK		34-65 192 STREET	QUEENS	NY	1	2	0	0	0	0	0	0	0	0	0	1	0
	Goldie Maple Academy		3-65 BEACH 56 STREET	Queens	New York	1	2	0	0	0	0	0	0	0	0	0	1	0
	J.H.S. 185 EDWARD BLEEKER		147-26 25 DRIVE	Queens	New York	2	4	0	0	0	0	0	0	0	0	0	1	0
	P.S. 229 Emanual Kaplan		67-25 51 ROAD	Queens	New York	3	6	0	0	0	1	0	0	0	0	0	1	0
	IS 126 ALBERT SHANKER SCHOOL FOR VISUAL AND PERFORMING ARTS		31-51 21 STREET	Queens	New York	3	6	0	0	0	0	0	0	0	0	0	2	2
	Metropolitan Expeditionary Learning School (MELS)		91-30 METROPOLITAN AVENUE	QUEENS	NY	2	3	0	0	0	32	0	0	0	0	0	1	0
	The 30th Avenue School		28-37 29th St	Queens	New York	1	2	0	0	0	0	0	0	0	0	0	1	0
	Grover Cleveland High School		21-27 Himrod St	Queens	New York	2	4	0	0	0	0	0	0	0	0	0	1	0
	PS 195Q		253-50. 149 St	Rosedale	NY	1	1	0	0	0	0	0	0	0	0	0	0	0
	PS/IS 270		233_15 Merrick Blvd	Rosedale	NY	1	2	0	0	0	1	0	0	0	0	0	18	11
	P.S. 52		450 Buel Avenue	State	New York	0	1	0	0	0	0	0	0	0	0	0	0	0
	The Harbor View School - PS 59 (31R059)		300 Richmond Terrace	Staten Island	NY	8	8	0	0	0	0	0	0	0	0	0	1	1
	Staten Island Homeschoolers		Amboy Road	Staten Island	NY	0	1	0	0	0	4	0	0	0	0	0	0	0
	PS 69		144 Keating place	Staten Island	New york	1	1	0	0	0	0	0	0	0	0	0	0	0
	IS 51 Edwin Markham		20 HOUSTON STREET	Staten Island	New York	3	6	2	2	0	13	0	0	0	0	0	1	1
	PS 39 Francis J. Murphy Jr.		71 Sand Lane	Staten Island	New York	1	2	0	0	0	2	0	0	0	0	0	1	1
	PS/IS 25R South Richmond H.S.		6581 HYLAN BOULEVARD	Staten Island	NY	0	0	0	0	0	0	0	0	0	0	0	0	0
	P.S.45R John Tyler School		58 Lawrence Avenue	Staten Island	NY	1	1	0	0	0	0	0	0	0	0	0	0	0
	Eltingville Lutheran School		300 Genesee Avenue	Staten Island	New York	1	2	0	0	0	8	0	0	0	0	0	0	0
	St. John Villa Academy		26 Landis Ave	Staten Island	NY	1	1	0	0	0	1	0	0	0	0	0	0	0
	I.S. 49 BERTA A. DREYFUS		101 WARREN STREET	STATEN ISLAND	NY	1	2	0	0	0	0	0	0	0	0	0	1	0
	PS 46		41 Reid Ave	Staten Island	NY	1	1	0	0	0	0	0	0	0	0	0	0	0
	Wantagh Schools		2667 Bayview Ave.	Wantagh	NY	1	2	0	0	0	0	0	0	0	0	0	2	0
	P.S. 11Q		54-25 Skillman Avenue	Woodside	NY	1	1	0	0	0	0	0	0	0	0	0	0	0
	Sarah Lawrence College Center for the Urban River at Beczak		35 Alexander Street	Yonkers	NY	1	2	0	0	0	0	0	0	0	0	0	0	0
	PNW BOCES		200 boces dr	yorktown	New York	1	1	0	0	0	2	0	0	0	0	0	0	0
	Curtis High School				NY	1	2	19	4	1	8	0	0	0	0	0	3	0
	Pace University				NY	12	25	30	1	0	16	0	0	0	0	0	1	1
	Marsh Avenue Expeditionary Learning School				NY	1	2	1	0	0	1	0	0	0	0	0	0	0
	Sebago Canoe Club				NY	0	0	0	0	0	0	0	0	0	0	0	0	0
	MS8 The Robert Fulton School				NY	0	0	0	0	0	0	0	0	0	0	0	0	0
	Spence School				NY	0	0	0	0	0	0	0	0	0	0	0	0	0
	Fort Hamilton High School				NY	0	0	0	0	0	0	0	0	0	0	0	0	0
	The Berkeley Carroll School				NY	5	5	1	2	2	27	0	0	0	0	0	2	1
	IKEA Brooklyn				NY	0	0	0	0	0	0	0	0	0	0	0	0	0
	Poly Prep Country Day School				NY	0	1	0	0	0	0	0	0	0	0	0	0	0
	Good Shepherd Services				NY	12	17	24	3	0	34	0	0	0	0	0	10	2
	MS 51				NY	2	2	36	4	4	16	0	0	0	0	0	1	1
	Elmont Memorial High School				NY	1	2	1	0	0	0	0	0	0	0	0	0	0
	Richard R. Green High School of Teaching				NY	0	1	0	0	0	1	0	0	0	0	0	0	0
Dr. Susan S. McKinney Secondary School of the Arts	McKinney Secondary School of the Arts				NY	0	0	0	0	0	0	0	0	0	0	0	0	0
	Home Schoolers of Staten Island				NY	0	0	0	0	0	0	0	0	0	0	0	0	0
	Urban Assembly School for Wildlife Conservation				NY	0	0	0	0	0	0	0	0	0	0	0	0	0
	YABC @ Tottenville High School				NY	1	2	1	0	0	0	0	0	0	0	0	0	0
	MS 244 New School for Leadership and Journalism				NY	0	0	0	0	0	0	0	0	0	0	0	0	0
	The Beacon School				NY	1	2	0	0	0	7	0	0	0	0	0	0	0
	Richmond County Yacht Club				NY	0	0	0	0	0	0	0	0	0	0	0	0	0
	IS 24 Myra Barnes				NY	1	2	0	0	0	0	0	0	0	0	0	1	1
	Cultural Research Divers				NY	0	1	0	0	0	1	0	0	0	0	0	0	0
	Princess Bay Marina				NY	0	0	0	0	0	0	0	0	0	0	0	0	0
	University of Maryland, Center for Environmental Science				NY	1	2	1	0	0	3	0	0	0	0	0	1	0
	MS319/FRIENDS OF SHERMAN CREEK/CHILDRENS AID SOCIETY				NY	0	0	0	0	0	0	0	0	0	0	0	0	0
	Locust Point Yacht Club				NY	0	0	0	0	0	0	0	0	0	0	0	0	0
	NYC Lab School for Collaborative Studies				NY	0	0	0	0	0	0	0	0	0	0	0	0	0
	New York City Department of Education				NY	6	13	2	2	2	7	0	0	0	0	0	2	1
	IS 68 Isaac Bildersee				NY	4	4	0	0	0	9	0	0	0	0	0	2	1
	NYC Parks Department				NY	2	4	0	0	0	0	0	0	0	0	0	1	0
	Manhattan Kayak Company				NY	0	0	0	0	0	0	0	0	0	0	0	0	0
	St. Clare's School				NY	1	2	0	0	0	0	0	0	0	0	0	0	0
	New Visions Charter High School For Advanced Math & Science II				NY	1	2	18	2	0	1	0	0	0	0	0	0	0
	Staten Island Museum				NY	2	8	1	2	0	0	0	0	0	0	0	0	0
	Urban Assembly New York Harbor School				NY	5	11	0	2	0	29	0	0	0	0	0	2	2
	Sleepy Hollow Middle School				NY	1	2	1	1	0	0	0	0	0	0	0	0	0
	Wildlife Conservation Society, New York Aquarium				NY	1	2	0	0	0	0	0	0	0	0	0	0	0
	Brooklyn Bridge Park				NY	1	5	1	0	0	3	0	0	0	0	0	0	0
	Randalls Island Alliance				NY	1	2	1	2	0	1	0	0	0	0	0	0	0
	YMCA Off-Site: Julia Richman Educational Complex Site Director, Teen Program				NY	2	4	0	1	0	0	0	0	0	0	0	0	0
	West End Secondary School				NY	1	2	8	4	0	44	2	1	0	0	0	0	0
	SUNY Maritime				NY	2	4	5	12	0	0	0	0	0	0	0	0	0
	Summit Academy				NY	0	0	0	0	0	0	0	0	0	0	0	0	0
	New Dorp High School				NY	2	4	1	1	0	0	0	0	0	0	0	1	0
	South Street Seaport Museum				NY	1	2	9	1	0	1	0	0	0	0	0	0	0
	Harbor Estuary Program				NY	0	0	0	0	0	0	0	0	0	0	0	0	0
	Solar One				NY	0	0	0	0	0	0	0	0	0	0	0	0	0
	Rye City School District				NY	3	6	13	9	1	0	0	0	0	0	0	1	0
	Human Impacts Institute				NY	0	0	0	0	0	0	0	0	0	0	0	0	0
	Edible Manhattan				NY	0	0	0	0	0	0	0	0	0	0	0	0	0
	Compass Charter School				NY	0	0	0	0	0	0	0	0	0	0	0	0	0
	Kings Plaza Marina				NY	0	0	0	0	0	0	0	0	0	0	0	0	0
	New York Restoration Project				NY	0	0	0	0	0	0	0	0	0	0	0	0	0
	Warby Parker				NY	0	0	0	0	0	0	0	0	0	0	0	0	0
	New York Harbor Foundation				NY	5	14	2	7	0	275	0	0	78	1	1	6	5
	DCTV				NY	0	0	0	0	0	0	0	0	0	0	0	0	0
	Riverdale Yacht Club				NY	0	0	0	0	0	0	0	0	0	0	0	0	0
	La Marina Restaurant				NY	0	0	0	0	0	0	0	0	0	0	0	0	0
	Empire Dragon Boat				NY	1	2	3	2	0	0	0	0	0	0	0	1	1
	Little Red School House & Elisabeth Irwin High School				NY	1	2	2	1	0	18	0	0	0	0	0	0	0
	Riverside Park Trust				NY	0	0	0	0	0	0	0	0	0	0	0	0	0
	Harvest Collegiate High School				NY	0	0	0	0	0	0	0	0	0	0	0	0	0
	John Dewey High School				NY	1	3	0	1	0	1	0	0	0	0	0	13	12
	Protectors of Pine Oak Woods inc.				NY	0	0	0	0	0	0	0	0	0	0	0	0	0
	IGY Marinas				NY	0	0	0	0	0	0	0	0	0	0	0	0	0
	The River Project				NY	1	3	0	0	0	1	0	0	0	0	0	0	0
	Monsignor McClancy Memorial High School				NY	1	2	11	1	0	0	0	0	0	0	0	2	0
	Stuyvesant High School				NY	3	3	2	9	8	0	0	0	0	0	0	1	0
	NY State Dept. of Environmental Conservation				NY	0	0	0	0	0	0	0	0	0	0	0	0	0
	Rockaway Beach Nonprofits (Arts n Parts, Edgemere)				NY	0	0	0	0	0	0	0	0	0	0	0	0	0
	Marina 59				NY	0	0	0	0	0	0	0	0	0	0	0	0	0
	Lower East Side Ecology Center				NY	1	1	0	0	0	5	0	0	0	0	0	1	1
	Miller's Launch				NY	0	0	0	0	0	0	0	0	0	0	0	0	0
	MS 126 Jacob Riis				NY	1	2	0	0	0	0	0	0	0	0	0	0	0
	The Battery Conservancy, Battery Urban Farm				NY	3	4	5	0	0	2	0	0	0	0	0	1	0
	Flushing International High School				NY	1	1	0	0	0	0	0	0	0	0	0	0	0
	Statue Cruises				NY	1	2	0	0	0	0	0	0	0	0	0	0	0
	PS/IS 276 Battery Park Community School				NY	1	2	5	2	0	0	0	0	0	0	0	0	0
	Tottenville Marina				NY	0	0	0	0	0	0	0	0	0	0	0	0	0
	LIC Community Boathouse				NY	2	10	9	8	0	0	0	0	0	0	0	3	2
	Crave Fishbar				NY	2	2	6	1	0	0	0	0	0	0	0	0	0
	Hastings High School				NY	1	2	2	17	15	0	0	0	0	0	0	1	1
	CUNY Queens College				NY	0	0	0	0	0	0	0	0	0	0	0	0	0
	Hudson River Park				NY	4	8	3	9	6	2	0	0	0	0	0	4	2
	Rockaway Waterfront Alliance				NY	0	0	0	0	0	0	0	0	0	0	0	0	0
	New York University				NY	2	3	3	5	0	0	0	0	0	0	0	1	0
	American Museum of Natural History					4	3	17	2	2	1	0	0	0	0	0	3	1
	NYC I School				NY	2	4	0	0	0	13	0	0	0	0	0	2	1
	New York Academy of Sciences				NY	0	1	0	0	0	2	0	0	0	0	0	0	0